intersection_size	source	query_size	intersections	negative_log10_of_adjusted_p_value	adjusted_p_value	term_size	term_id	effective_domain_size	term_name	BO3G045150	BO3G048610	BO3G141510	BO3G149420	BO3G149570	BO4G006930	BO4G024640	BO4G024840	BO5G012030	BO5G017960	BO6G074910	BO6G080100	BO6G086830	BO6G088000	BO6G096080	BO6G099320	BO6G120900	BO7G068840	BO7G085880	BO7G089170	BO7G091510	BO9G033770	BO9G040840	BO9G044060	BO9G044180	BO9G151990	BO9G154700	BO9G161800	BO9G181310
										18	16	1	8	6	1	1	24	14	22	1	1	22	15	10	28	28	4	16	18	14	2	1	6	14	13	12	22	26
17	GO:BP	33	0	17.123700925511685	7.521406732214737e-18	466	GO:0061458	22323	reproductive system development	1	1	0	0	0	0	0	1	1	1	0	0	1	1	0	1	1	0	1	1	1	0	0	0	1	1	1	1	1
17	GO:BP	33	0	17.123700925511685	7.521406732214737e-18	466	GO:0048608	22323	reproductive structure development	1	1	0	0	0	0	0	1	1	1	0	0	1	1	0	1	1	0	1	1	1	0	0	0	1	1	1	1	1
21	GO:BP	33	0	16.40268921853735	3.9564964597784324e-17	1124	GO:0048856	22323	anatomical structure development	1	1	0	1	1	0	0	1	1	1	0	0	1	1	1	1	1	0	1	1	1	0	0	1	1	1	1	1	1
17	GO:BP	33	0	16.14949150003978	7.087751783793706e-17	532	GO:0003006	22323	developmental process involved in reproduction	1	1	0	0	0	0	0	1	1	1	0	0	1	1	0	1	1	0	1	1	1	0	0	0	1	1	1	1	1
21	GO:BP	33	0	15.900698040477792	1.2569035692897077e-16	1189	GO:0032502	22323	developmental process	1	1	0	1	1	0	0	1	1	1	0	0	1	1	1	1	1	0	1	1	1	0	0	1	1	1	1	1	1
18	GO:BP	33	0	15.644704630149429	2.2661850482586497e-16	705	GO:0000003	22323	reproduction	1	1	0	0	1	0	0	1	1	1	0	0	1	1	0	1	1	0	1	1	1	0	0	0	1	1	1	1	1
17	GO:BP	33	0	15.124498688470245	7.507603213442628e-16	612	GO:0009791	22323	post-embryonic development	1	1	0	0	0	0	0	1	1	1	0	0	1	1	0	1	1	0	1	1	1	0	0	0	1	1	1	1	1
17	GO:BP	33	0	14.136489148404142	7.303160608503966e-15	701	GO:0022414	22323	reproductive process	1	1	0	0	0	0	0	1	1	1	0	0	1	1	0	1	1	0	1	1	1	0	0	0	1	1	1	1	1
17	GO:BP	33	0	14.00320291057824	9.926521542388595e-15	714	GO:0048731	22323	system development	1	1	0	0	0	0	0	1	1	1	0	0	1	1	0	1	1	0	1	1	1	0	0	0	1	1	1	1	1
18	GO:BP	33	0	13.16866966167542	6.781571395731415e-14	974	GO:0007275	22323	multicellular organism development	1	1	0	0	0	0	0	1	1	1	0	0	1	1	0	1	1	0	1	1	1	0	0	1	1	1	1	1	1
18	GO:BP	33	0	11.903930690679234	1.2475826008231442e-12	1151	GO:0032501	22323	multicellular organismal process	1	1	0	0	0	0	0	1	1	1	0	0	1	1	0	1	1	0	1	1	1	0	0	1	1	1	1	1	1
9	GO:BP	33	0	11.774968815819825	1.67892456767766e-12	85	GO:0010228	22323	vegetative to reproductive phase transition of meristem	0	0	0	0	0	0	0	1	1	0	0	0	0	0	0	1	1	0	0	1	1	0	0	0	1	0	1	0	1
10	GO:BP	33	0	4.15018686008573	0.00007076412482672617	811	GO:0009628	22323	response to abiotic stimulus	0	0	0	0	0	0	0	0	1	0	0	0	0	0	1	1	1	1	0	1	0	1	0	1	1	0	0	0	1
6	GO:BP	33	0	3.7661292709836336	0.0001713447211284958	197	GO:0090567	22323	reproductive shoot system development	0	0	0	0	0	0	0	1	0	0	0	0	1	1	0	1	1	0	0	0	0	0	0	0	0	0	0	1	0
7	GO:BP	33	0	3.708711759180412	0.00019556369794809203	331	GO:0048367	22323	shoot system development	1	0	0	0	0	0	0	1	0	0	0	0	1	1	0	1	1	0	0	0	0	0	0	0	0	0	0	1	0
5	GO:BP	33	0	3.373545791014057	0.00042311089552228874	123	GO:2000241	22323	regulation of reproductive process	0	0	0	0	0	0	0	1	0	0	0	0	1	0	0	1	1	0	0	0	0	0	0	0	0	0	0	0	1
4	GO:BP	33	0	3.357383332052629	0.00043915382314679195	52	GO:0048573	22323	photoperiodism, flowering	0	0	0	0	0	0	0	0	0	0	0	0	0	0	0	1	1	0	0	1	0	0	0	0	0	0	0	0	1
4	GO:BP	33	0	3.2267087067769227	0.0005933231492620532	56	GO:0009648	22323	photoperiodism	0	0	0	0	0	0	0	0	0	0	0	0	0	0	0	1	1	0	0	1	0	0	0	0	0	0	0	0	1
4	GO:BP	33	0	3.01987631363785	0.0009552646050902793	63	GO:0009909	22323	regulation of flower development	0	0	0	0	0	0	0	1	0	0	0	0	1	0	0	1	1	0	0	0	0	0	0	0	0	0	0	0	0
5	GO:BP	33	0	2.962661824331449	0.001089778349732932	149	GO:0009793	22323	embryo development ending in seed dormancy	1	1	0	0	0	0	0	0	0	1	0	0	0	0	0	0	0	0	1	0	0	0	0	0	0	0	0	1	0
5	GO:BP	33	0	2.8109525503787594	0.0015454232783022642	160	GO:0009790	22323	embryo development	1	1	0	0	0	0	0	0	0	1	0	0	0	0	0	0	0	0	1	0	0	0	0	0	0	0	0	1	0
5	GO:BP	33	0	2.7327415647991127	0.0018503693889664384	166	GO:0048580	22323	regulation of post-embryonic development	0	0	0	0	0	0	0	1	0	0	0	0	1	0	0	1	1	0	0	0	0	0	0	0	0	0	0	0	1
2	GO:BP	33	0	2.562590767800764	0.0027378473627635482	3	GO:0016926	22323	protein desumoylation	0	0	0	0	0	0	0	0	1	0	0	0	0	0	0	0	0	0	0	0	0	0	0	0	1	0	0	0	0
6	GO:BP	33	0	2.446100401835025	0.0035801366058743284	333	GO:0009416	22323	response to light stimulus	0	0	0	0	0	0	0	0	0	0	0	0	0	0	1	1	1	1	0	1	0	0	0	0	0	0	0	0	1
5	GO:BP	33	0	2.4360041710009113	0.003664340553672943	191	GO:0009908	22323	flower development	0	0	0	0	0	0	0	1	0	0	0	0	1	0	0	1	1	0	0	0	0	0	0	0	0	0	0	1	0
6	GO:BP	33	0	2.372955282523771	0.004236865890297798	343	GO:0009314	22323	response to radiation	0	0	0	0	0	0	0	0	0	0	0	0	0	0	1	1	1	1	0	1	0	0	0	0	0	0	0	0	1
4	GO:BP	33	0	2.361720097733865	0.004347903557458694	92	GO:0048831	22323	regulation of shoot system development	0	0	0	0	0	0	0	1	0	0	0	0	1	0	0	1	1	0	0	0	0	0	0	0	0	0	0	0	0
6	GO:BP	33	0	2.1731096765485933	0.006712593119703146	372	GO:0099402	22323	plant organ development	1	0	0	0	0	0	0	1	0	1	0	0	1	1	0	0	0	0	0	0	0	0	0	0	0	0	0	1	0
5	GO:BP	33	0	2.167936326325947	0.006793032207146938	217	GO:0048316	22323	seed development	1	1	0	0	0	0	0	0	0	1	0	0	0	0	0	0	0	0	1	0	0	0	0	0	0	0	0	1	0
5	GO:BP	33	0	2.167936326325947	0.006793032207146938	217	GO:2000026	22323	regulation of multicellular organismal development	0	0	0	0	0	0	0	1	0	0	0	0	1	0	0	1	1	0	0	0	0	0	0	0	0	0	0	0	1
5	GO:BP	33	0	2.0645872512296313	0.00861812420283525	228	GO:0010154	22323	fruit development	1	1	0	0	0	0	0	0	0	1	0	0	0	0	0	0	0	0	1	0	0	0	0	0	0	0	0	1	0
5	GO:BP	33	0	1.8979389918609013	0.012649140255997122	247	GO:0009888	22323	tissue development	0	0	0	1	1	0	0	0	0	1	0	0	0	0	0	0	0	0	0	0	0	0	0	0	0	1	0	1	0
4	GO:BP	33	0	1.891875644738275	0.012826978159377594	121	GO:0000902	22323	cell morphogenesis	0	0	0	1	0	0	0	0	0	1	0	0	0	0	1	0	0	0	0	0	0	0	0	0	0	0	0	0	1
5	GO:BP	33	0	1.889548681518403	0.012895889954607628	248	GO:0051239	22323	regulation of multicellular organismal process	0	0	0	0	0	0	0	1	0	0	0	0	1	0	0	1	1	0	0	0	0	0	0	0	0	0	0	0	1
5	GO:BP	33	0	1.638556996686011	0.02298492036018475	280	GO:0048869	22323	cellular developmental process	0	0	0	1	0	0	0	0	0	1	0	0	0	0	1	0	0	0	0	0	1	0	0	0	0	0	0	0	1
3	GO:BP	33	0	1.599085793457279	0.025171796180225338	51	GO:0010087	22323	phloem or xylem histogenesis	0	0	0	0	1	0	0	0	0	1	0	0	0	0	0	0	0	0	0	0	0	0	0	0	0	0	0	1	0
4	GO:BP	33	0	1.5847467172266232	0.026016764318626973	145	GO:0032989	22323	cellular component morphogenesis	0	0	0	1	0	0	0	0	0	1	0	0	0	0	1	0	0	0	0	0	0	0	0	0	0	0	0	0	1
5	GO:BP	33	0	1.5382369347785212	0.028957633368240237	294	GO:0050793	22323	regulation of developmental process	0	0	0	0	0	0	0	1	0	0	0	0	1	0	0	1	1	0	0	0	0	0	0	0	0	0	0	0	1
19	GO:BP	33	0	1.511943785745525	0.03076495004651179	5601	GO:0044249	22323	cellular biosynthetic process	1	1	1	1	1	0	1	1	0	0	1	1	0	1	1	0	0	1	1	1	1	1	1	1	0	1	0	0	0
5	GO:BP	33	0	1.469667159773908	0.03391039434460906	304	GO:0009653	22323	anatomical structure morphogenesis	0	0	0	1	0	0	0	0	0	1	0	0	0	0	1	0	0	0	0	0	0	0	0	0	0	0	0	1	1
3	KEGG	17	0	1.8982756816375836	0.012639337723462304	53	KEGG:04712	5601	Circadian rhythm - plant	0	0	0	0	0	1	0	0	0	0	0	0	0	0	0	1	1	0	0	0	0	0	0	0	0	0	0	0	0
